﻿layer,name,description,geometry_type,lon,lat,coordinates_raw,wkt
Seguridad,Comisaría 1º,Comisaría - Belén de Escobar<br>UGC 1<br>Tel.: (0348) 442 0394,Point,-58.799072,-34.3514667,"-58.799072,-34.3514667,0",POINT (-58.799072 -34.3514667)
Seguridad,Comisaría 2º,Comisaría - Ingeniero Maschwitz <br>UGC 12 <br>Tel.: (0348) 444 1014,Point,-58.7374846,-34.3896673,"-58.7374846,-34.3896673,0",POINT (-58.7374846 -34.3896673)
Seguridad,Comisaría 3º,Comisaría - Garin<br>UGC 19<br>Tel.: (011) 2106 - 7675// 2109 - 8319,Point,-58.7296145,-34.4193554,"-58.7296145,-34.4193554,0",POINT (-58.7296145 -34.4193554)
Seguridad,Comisaría 4º,Comisaría - Maquinista Savio<br>UGC 17<br>(0348) 448 1802,Point,-58.7715556,-34.4074288,"-58.7715556,-34.4074288,0",POINT (-58.7715556 -34.4074288)
Seguridad,Comisaría de la Mujer,Comisaría - Belén de Escobar<br>UGC 1<br>144 (Línea las 24hs)<br>Tel.: (348) 451 - 4543,Point,-58.7970499,-34.3504318,"-58.7970499,-34.3504318,0",POINT (-58.7970499 -34.3504318)
Seguridad,Subcomisaría Matheu,Subcomisaría - UGC 10<br>Tel.: (0348) 446 0827,Point,-58.8290019,-34.3824289,"-58.8290019,-34.3824289,0",POINT (-58.8290019 -34.3824289)
Seguridad,"Destacamento ""El Cazador”",Destacamento - Belén de Escobar<br>UGC 3<br>Tel.: (0348) 448 9215 / 7555,Point,-58.7643591,-34.3114287,"-58.7643591,-34.3114287,0",POINT (-58.7643591 -34.3114287)
Seguridad,"Destacamento ""Loma Verde""",Destacamento - Loma Verde<br>UGC 8<br>Domicilio: Los Fresnos y Los Aromos<br>Tel.: (0348) 449 4010,Point,-58.8395494,-34.3322029,"-58.8395494,-34.3322029,0",POINT (-58.8395494 -34.3322029)
Seguridad,"Destacamento ""24 de Febrero""","Destacamento - Fonavi, Garin<br>UGC 23<br>Domicilio: Ing. Pablo Marín s/n entre Islas Malvinas y Scalabrini Ortiz<br>Tel.: (02320) 494 100",Point,-58.7371093,-34.454387,"-58.7371093,-34.454387,0",POINT (-58.7371093 -34.454387)
Seguridad,Comando de Patrulla de Escobar (CPE),Seguridad - Belén de Escobar<br>UGC 1<br>Tel.: (0348) 442 0001,Point,-58.7988274,-34.3550907,"-58.7988274,-34.3550907,0",POINT (-58.7988274 -34.3550907)
Seguridad,Jefatura Distrital,Seguridad - Belén de Escobar<br>UGC 1<br>Tel.: (011) 2142 - 9377,Point,-58.7986687,-34.3510658,"-58.7986687,-34.3510658,0",POINT (-58.7986687 -34.3510658)
Seguridad,Subcomando policial de Garín,Secretaría de Seguridad y Prevención Comunitaria<br>UGC 20<br>Garín,Point,-58.746619,-34.4178379,"-58.746619,-34.4178379,0",POINT (-58.746619 -34.4178379)
Seguridad,Polo de Seguridad Ing. Maschwitz,Secretaría de Seguridad y Prevención Comunitaria - Ingeniero Maschwitz<br>UGC 13<br>Tel.: (0348) 444 8006,Point,-58.7498526,-34.3727393,"-58.7498526,-34.3727393,0",POINT (-58.7498526 -34.3727393)
Seguridad,Centro de Monitoreo de Garín,Centro de Monitoreo - Garín<br>UGC 19<br>Tel.: (0348) 462 4748/ 4642/ 4814,Point,-58.7378585,-34.4199455,"-58.7378585,-34.4199455,0",POINT (-58.7378585 -34.4199455)
Seguridad,Posta Policial Moreno y Galileo,Secretaría de Seguridad y Prevención Comunitaria<br>Belén de Escobar<br>UGC 25<br>Tel.: (011) 2754 - 5725,Point,-58.8032652,-34.3331554,"-58.8032652,-34.3331554,0",POINT (-58.8032652 -34.3331554)
Seguridad,Posta Policial Mosconi & Av. Gral. San Martín,Secretaría de Seguridad y Prevención Comunitaria<br>Belén de Escobar<br>UGC 4<br>Tel.: (011) 2754 - 5687,Point,-58.7731818,-34.3329336,"-58.7731818,-34.3329336,0",POINT (-58.7731818 -34.3329336)
Seguridad,Posta Policial Barrio San Luis,Secretaría de Seguridad y Prevención Comunitaria<br>Belén de Escobar<br>UGC 5,Point,-58.7606073,-34.3674718,"-58.7606073,-34.3674718,0",POINT (-58.7606073 -34.3674718)
Seguridad,Posta Policial Rivadavia & Ruta 25,Secretaría de Seguridad y Prevención Comunitaria<br>Matheu<br>UGC 11<br>Tel.: (011) 2691 - 3946,Point,-58.8308998,-34.3872277,"-58.8308998,-34.3872277,0",POINT (-58.8308998 -34.3872277)
Seguridad,Posta Policial Bariloche & RP26,Secretaría de Seguridad y Prevención Comunitaria <br>Maquinista Savio / Ing. Maschwitz<br>UGC 12<br>Tel.: (011) 5305 - 7161,Point,-58.7653931,-34.3922985,"-58.7653931,-34.3922985,0",POINT (-58.7653931 -34.3922985)
Seguridad,Posta Policial Ruta 26 y Colectora Oeste,Secretaría de Seguridad y Prevención Comunitaria <br>Maquinista Savio / Ing. Maschwitz<br>UGC 12,Point,-58.7531367,-34.3814899,"-58.7531367,-34.3814899,0",POINT (-58.7531367 -34.3814899)
Seguridad,Posta Policial Independencia & RP26,Secretaría de Seguridad y Prevención Comunitaria<br>Maquinista Savio<br>UGC 17,Point,-58.7710702,-34.4076224,"-58.7710702,-34.4076224,0",POINT (-58.7710702 -34.4076224)
Seguridad,Posta Policial Corrientes & Pablo Lamberti,Secretaría de Seguridad y Prevención Comunitaria<br>Garin<br>UGC 18<br>Tel.: (011) 2754 - 5713,Point,-58.7399719,-34.411763,"-58.7399719,-34.411763,0",POINT (-58.7399719 -34.411763)
Seguridad,Posta Policial Amancay,Blvd 5 de Junio y los Geranios<br>Secretaría de Seguridad y Prevención Comunitaria,Point,-58.7767368,-34.404025,"-58.7767368,-34.404025,0",POINT (-58.7767368 -34.404025)
Seguridad,Posta Policial Paraná de las Palmas,Secretaría de Seguridad y Prevención Comunitaria.<br>UGC 7,Point,-58.7312633,-34.2469197,"-58.7312633,-34.2469197,0",POINT (-58.7312633 -34.2469197)
Seguridad,Posta Policial Los Paraísos & Calle Japón,Secretaría de Seguridad y Prevención Comunitaria<br>UGC 10,Point,-58.8257935,-34.3740086,"-58.8257935,-34.3740086,0",POINT (-58.8257935 -34.3740086)
Seguridad,Posta de Seguridad y Prevención Comunitaria Esquiú & Mocoretá,Secretaría de Seguridad y Prevención Comunitaria<br>Ingeniero Maschwitz - UGC 14,Point,-58.7440476,-34.3962227,"-58.7440476,-34.3962227,0",POINT (-58.7440476 -34.3962227)
Seguridad,Base Operativa Policía Local,Secretaría de Seguridad y Prevención Comunitaria<br>UGC 13<br>Tel.: (0348) 444 - 8006 // (011) 2439 - 7822,Point,-58.750745,-34.3747214,"-58.750745,-34.3747214,0",POINT (-58.750745 -34.3747214)
Seguridad,Base Operativa Cabot,Secretaría de Seguridad y Prevención Comunitaria<br>UGC 22<br>(0348) 462 - 0013,Point,-58.7274099,-34.4330699,"-58.7274099,-34.4330699,0",POINT (-58.7274099 -34.4330699)
Seguridad,Base Operativa Escobar,Secretaría de Seguridad y Prevención Comunitaria<br>UGC 10<br>Tel.: (0348) 446 - 3945,Point,-58.8310321,-34.3815548,"-58.8310321,-34.3815548,0",POINT (-58.8310321 -34.3815548)
Seguridad,Base Operativa Lambaré,Secretaría de Seguridad y Prevención Comunitaria<br>UGC 14<br>Tel.: (0348) 444 - 6843,Point,-58.7546437,-34.395003,"-58.7546437,-34.395003,0",POINT (-58.7546437 -34.395003)
Seguridad,Garita Spadaccini & Rivadavia,,Point,-58.7957564,-34.350205,"-58.7957564,-34.350205,0",POINT (-58.7957564 -34.350205)
Seguridad,Garita Ruta Provincial 26 & Aconcagua,,Point,-58.7674066,-34.3986176,"-58.7674066,-34.3986176,0",POINT (-58.7674066 -34.3986176)
Seguridad,Garita Ruta Provincial 26 & Felipe Flint,,Point,-58.7655213,-34.393282,"-58.7655213,-34.393282,0",POINT (-58.7655213 -34.393282)
Seguridad,Garita Avenida Fructuoso Díaz & Avenida Patricias Argentinas,,Point,-58.7574435,-34.4305217,"-58.7574435,-34.4305217,0",POINT (-58.7574435 -34.4305217)
Seguridad,Garita Avenida Patricias Argentinas & 18 de Julio,,Point,-58.7537254,-34.4354382,"-58.7537254,-34.4354382,0",POINT (-58.7537254 -34.4354382)
Seguridad,Garita Avenida General Belgrano & Bv. Presidente Perón,,Point,-58.73371,-34.4221626,"-58.73371,-34.4221626,0",POINT (-58.73371 -34.4221626)
Seguridad,Garita Plaza Luchetti,,Point,-58.8133188,-34.3557426,"-58.8133188,-34.3557426,0",POINT (-58.8133188 -34.3557426)
Seguridad,Garita Plaza San Martin Escobar,,Point,-58.7941896,-34.3467768,"-58.7941896,-34.3467768,0",POINT (-58.7941896 -34.3467768)
Seguridad,Garita Parque Papa Francisco ~ Ing. Maschwitz,,Point,-58.7419794,-34.3810319,"-58.7419794,-34.3810319,0",POINT (-58.7419794 -34.3810319)
Seguridad,Garita Plaza Savio,,Point,-58.7742205,-34.3936419,"-58.7742205,-34.3936419,0",POINT (-58.7742205 -34.3936419)
Seguridad,Garita Corredor Universitario Polo de Educación Superior de Escobar - CBC-UBA,,Point,-58.7502547,-34.3728011,"-58.7502547,-34.3728011,0",POINT (-58.7502547 -34.3728011)
