﻿layer,name,description,geometry_type,lon,lat,coordinates_raw,wkt
Unidades de Gestión Comunitarias,UGC 1,"Belén de Escobar<br>Hipólito Yrigoyen 645<br>Barrios: Belén, Parque Belén, Centro.<br>Mail: ugc1@escobar.gob.ar",Point,-58.793911,-34.3456372,"-58.793911,-34.3456372,0",POINT (-58.793911 -34.3456372)
Unidades de Gestión Comunitarias,UGC 2,"Belén de Escobar<br>Belén 1490<br>Barrios: El Matadero, Donatelli, Monte Lalli, Villa Vallier, Fiesta de la Flor, La Chechela, La Esperanza, Cuatro Vientos.<br>Mail: ugc2@escobar.gob.ar",Point,-58.7891589,-34.3315323,"-58.7891589,-34.3315323,0",POINT (-58.7891589 -34.3315323)
Unidades de Gestión Comunitarias,UGC 3,"Belén de Escobar<br>John F. Kennedy 10<br>Barrios: El Cazador, Tabares, Manny, Merinyr.<br>Mail: ugc3@escobar.gob.ar",Point,-58.7588419,-34.3264995,"-58.7588419,-34.3264995,0",POINT (-58.7588419 -34.3264995)
Unidades de Gestión Comunitarias,UGC 4,"Belén de Escobar<br>José Hernández & Av. Gral. San Martín<br>Barrios: Villa Alegre, El Candil, Don Matías, 2 de Abril, Villa Laita, Paraví, Las Chacras.<br>Mail: ugc4@escobar.gob.ar",Point,-58.7798865,-34.3374015,"-58.7798865,-34.3374015,0",POINT (-58.7798865 -34.3374015)
Unidades de Gestión Comunitarias,UGC 5,"Belén de Escobar<br>Florentino Ameghino 720<br>Barrios: Villa Marconi, Villa Bourdet, San Marcos, Las Catorce, Lomas de Belén, El Triángulo, Fincas de Escobar, Stone, San Luis.<br>Mail: ugc5@escobar.gob.ar",Point,-58.7835208,-34.3555471,"-58.7835208,-34.3555471,0",POINT (-58.7835208 -34.3555471)
Unidades de Gestión Comunitarias,UGC 6,"Belén de Escobar<br>Las Orquídeas 1893<br>Barrios: Provincias Unidas, Los Robles, Las Violetas, Villa María, Lambertuchi, Punta Belén, Bardesono, Los Pétalos, Santa María, Parque Florido, El Retoño.<br>Mail: ugc6@escobar.gob.ar",Point,-58.8158307,-34.3533687,"-58.8158307,-34.3533687,0",POINT (-58.8158307 -34.3533687)
Unidades de Gestión Comunitarias,UGC 7,"Islas<br>Ruta 25 y Oficial Sagieg (Puerto de Escobar)<br>Paraná, Islas.<br>Mail: ugc7@escobar.gob.ar",Point,-58.730523,-34.248863,"-58.730523,-34.248863,0",POINT (-58.730523 -34.248863)
Unidades de Gestión Comunitarias,UGC 8,Loma Verde<br>Colectora Este y Calle 119<br>Barrios: Loma Verde Este<br>Mail: ugc8@escobar.gob.ar,Point,-58.8481255,-34.3248062,"-58.8481255,-34.3248062,0",POINT (-58.8481255 -34.3248062)
Unidades de Gestión Comunitarias,UGC 9,"Matheu<br>Reina Yolanda 975<br>Barrios: Villa Saboya, Colón.<br>Mail: ugc9@escobar.gob.ar",Point,-58.8158656,-34.3811259,"-58.8158656,-34.3811259,0",POINT (-58.8158656 -34.3811259)
Unidades de Gestión Comunitarias,UGC 10,"Matheu<br>Canesi 290 (frente a 267)<br>Barrios: Saavedra, Y.M.C.A., 1° de Julio, El Placer, El Abrojo.<br>Mail: ugc10@escobar.gob.ar",Point,-58.8294529,-34.3822985,"-58.8294529,-34.3822985,0",POINT (-58.8294529 -34.3822985)
Unidades de Gestión Comunitarias,UGC 11,"Matheu<br>Alvear & Bancalari<br>Barrios: San Andrés, Centro, Nazarre, Arcos de Matheu, Villa Esperanza o B° Itatí, Parque Matheu.<br>Mail: ugc11@escobar.gob.ar",Point,-58.826983,-34.386147,"-58.826983,-34.386147,0",POINT (-58.826983 -34.386147)
Unidades de Gestión Comunitarias,UGC 12,"Ingeniero Maschwitz<br>Maipú 1361<br>Barrios: Maschwitz C. Club, El Triángulo, Los Ñandúes, Los Naranjos, Green Hills, Centro, Las Glorias.<br>Mail: ugc12@escobar.gob.ar",Point,-58.7383897,-34.3886147,"-58.7383897,-34.3886147,0",POINT (-58.7383897 -34.3886147)
Unidades de Gestión Comunitarias,UGC 13,"Ingeniero Maschwitz<br>Emilio Lamarca 459<br>Barrios: San Miguel, San Lorenzo, La Pista.<br>Mail: ugc13@escobar.gob.ar",Point,-58.7348353,-34.3778107,"-58.7348353,-34.3778107,0",POINT (-58.7348353 -34.3778107)
Unidades de Gestión Comunitarias,UGC 14,"Ingeniero Maschwitz<br>Núñez & Anahí<br>Barrios: Lambaré, Doña Justa.<br>Mail: ugc14@escobar.gob.ar",Point,-58.7473816,-34.3962987,"-58.7473816,-34.3962987,0",POINT (-58.7473816 -34.3962987)
Unidades de Gestión Comunitarias,UGC 15,Maquinista Savio<br>Carlos del García 1250<br>Barrio: Amancay<br>Mail: ugc15@escobar.gob.ar,Point,-58.7732568,-34.4046281,"-58.7732568,-34.4046281,0",POINT (-58.7732568 -34.4046281)
Unidades de Gestión Comunitarias,UGC 16,"Maquinista Savio<br>Los Claveles 1920<br>Barrio: Las Rotondas, Las Lomas, Acacias Blancas, Alta Vista.<br>Mail: ugc16@escobar.gob.ar",Point,-58.771626,-34.3948009,"-58.771626,-34.3948009,0",POINT (-58.771626 -34.3948009)
Unidades de Gestión Comunitarias,UGC 17,"Maquinista Savio<br>Chaco 242<br>Barrios: El Triángulo, Obejero Urquiza, Nuevo Obejero.<br>Mail: ugc17@escobar.gob.ar",Point,-58.7694656,-34.4094349,"-58.7694656,-34.4094349,0",POINT (-58.7694656 -34.4094349)
Unidades de Gestión Comunitarias,UGC 18,"Garín<br>Jujuy 282<br>Barrios: Los Tulipanes, Villa Angélica Norte, La Matilde, Parque Norte.<br>Mail: ugc18@escobar.gob.ar",Point,-58.7421599,-34.4095148,"-58.7421599,-34.4095148,0",POINT (-58.7421599 -34.4095148)
Unidades de Gestión Comunitarias,UGC 19,"Garín<br>Bv. Pres. Perón 1163<br>Barrios: Centro, Los Pinos.<br>Mail: ugc19@escobar.gob.ar",Point,-58.735007,-34.4208319,"-58.735007,-34.4208319,0",POINT (-58.735007 -34.4208319)
Unidades de Gestión Comunitarias,UGC 20,"Garín<br>Gral. Lavalle 4060<br>Barrios: Garín Oeste, La Nueva Argentina, Bedoya, Cuyo.<br>Mail: ugc20@escobar.gob.ar",Point,-58.748798,-34.4182456,"-58.748798,-34.4182456,0",POINT (-58.748798 -34.4182456)
Unidades de Gestión Comunitarias,UGC 21,"Garín<br>Andes 240<br>Barrios: La Loma, Baldi, La Madrugada, El Ruso.<br>Mail: ugc21@escobar.gob.ar",Point,-58.7376621,-34.4241256,"-58.7376621,-34.4241256,0",POINT (-58.7376621 -34.4241256)
Unidades de Gestión Comunitarias,UGC 22,"Garín<br>Isla Picton & Cayetano Bourdet<br>Barrios: El Triángulo, Cabot, San Jacinto, San Javier, Amad.<br>Mail: ugc22@escobar.gob.ar",Point,-58.7228071,-34.4389901,"-58.7228071,-34.4389901,0",POINT (-58.7228071 -34.4389901)
Unidades de Gestión Comunitarias,UGC 23,"Garín<br>Islas Malvinas & Ing. Pablo Marín<br>Barrios: La Arboleda, Presidente Perón, 24 de Febrero.<br>Mail: ugc23@escobar.gob.ar",Point,-58.7367216,-34.4535276,"-58.7367216,-34.4535276,0",POINT (-58.7367216 -34.4535276)
Unidades de Gestión Comunitarias,UGC 24,"Garín<br>Hipólito Yrigoyen e/ La Rioja y Jujuy<br>Barrios: Villa Angélica, Acceso Norte.<br>Mail: ugc24@escobar.gob.ar",Point,-58.7361808,-34.4052022,"-58.7361808,-34.4052022,0",POINT (-58.7361808 -34.4052022)
Unidades de Gestión Comunitarias,UGC 25,"Belén<br>Galileo y Moreno<br>Barrios: El Mirador, La Victoria, Phillips, Dacundo, 9 de Julio, Malvinas Argentinas, Tajamar, Cementerio.<br>Mail: ugc25@escobar.gob.ar",Point,-58.8032652,-34.3331554,"-58.8032652,-34.3331554,0",POINT (-58.8032652 -34.3331554)
Unidades de Gestión Comunitarias,UGC 26,Loma Verde<br>Cerros 575<br>Mail: ugc26@escobar.gob.ar,Point,-58.8411989,-34.335962,"-58.8411989,-34.335962,0",POINT (-58.8411989 -34.335962)
Unidades de Gestión Comunitarias,UGC Barrios Privados,"Dirección: Mendoza 1667, 2do piso, Container Nº 34<br>Ingeniero Maschwitz - UGC 12<br>Mail: infodireccionemprendimientos@escobar.gob.ar",Point,-58.7468057,-34.3803021,"-58.7468057,-34.3803021,0",POINT (-58.7468057 -34.3803021)
